Protein1,Protein2,Score
SYN_P001,SYN_P003,0.867751
SYN_P001,SYN_P006,0.335597
SYN_P001,SYN_P007,0.766847
SYN_P001,SYN_P013,0.967527
SYN_P001,SYN_P015,0.802413
SYN_P001,SYN_P018,0.646664
SYN_P001,SYN_P019,0.467903
SYN_P001,SYN_P025,0.568208
SYN_P001,SYN_P037,0.642792
SYN_P001,SYN_P042,0.744739
SYN_P001,SYN_P045,0.329356
SYN_P001,SYN_P061,0.302812
SYN_P001,SYN_P063,0.432666
SYN_P001,SYN_P066,0.939896
SYN_P001,SYN_P067,0.740052
SYN_P001,SYN_P068,0.865804
SYN_P001,SYN_P079,0.537125
SYN_P001,SYN_P090,0.312467
SYN_P001,SYN_P096,0.878408
SYN_P001,SYN_P099,0.915123
SYN_P001,SYN_P101,0.245851
SYN_P001,SYN_P103,0.556306
SYN_P001,SYN_P106,0.493453
SYN_P001,SYN_P113,0.725536
SYN_P002,SYN_P013,0.641554
SYN_P002,SYN_P014,0.214086
SYN_P002,SYN_P020,0.387154
SYN_P002,SYN_P027,0.733064
SYN_P002,SYN_P028,0.756696
SYN_P002,SYN_P034,0.788355
SYN_P002,SYN_P040,0.260715
SYN_P002,SYN_P044,0.214988
SYN_P002,SYN_P054,0.335129
SYN_P002,SYN_P055,0.981703
SYN_P002,SYN_P061,0.965975
SYN_P002,SYN_P066,0.750837
SYN_P002,SYN_P072,0.791486
SYN_P002,SYN_P076,0.609892
SYN_P002,SYN_P080,0.756610
SYN_P002,SYN_P087,0.434831
SYN_P002,SYN_P093,0.617427
SYN_P002,SYN_P112,0.811112
SYN_P003,SYN_P004,0.503972
SYN_P003,SYN_P008,0.948793
SYN_P003,SYN_P021,0.850976
SYN_P003,SYN_P022,0.723399
SYN_P003,SYN_P026,0.430203
SYN_P003,SYN_P031,0.153221
SYN_P003,SYN_P033,0.289191
SYN_P003,SYN_P035,0.724854
SYN_P003,SYN_P039,0.377257
SYN_P003,SYN_P041,0.614267
SYN_P003,SYN_P044,0.447325
SYN_P003,SYN_P045,0.701150
SYN_P003,SYN_P053,0.419906
SYN_P003,SYN_P055,0.699497
SYN_P003,SYN_P062,0.528764
SYN_P003,SYN_P066,0.964462
SYN_P003,SYN_P073,0.803220
SYN_P003,SYN_P080,0.906609
SYN_P003,SYN_P085,0.367805
SYN_P003,SYN_P087,0.445839
SYN_P003,SYN_P096,0.339426
SYN_P003,SYN_P099,0.425704
SYN_P003,SYN_P101,0.713390
SYN_P003,SYN_P113,0.455241
SYN_P004,SYN_P006,0.754632
SYN_P004,SYN_P012,0.659395
SYN_P004,SYN_P014,0.953075
SYN_P004,SYN_P027,0.317760
SYN_P004,SYN_P028,0.629749
SYN_P004,SYN_P032,0.275599
SYN_P004,SYN_P034,0.299750
SYN_P004,SYN_P048,0.943828
SYN_P004,SYN_P060,0.885502
SYN_P004,SYN_P071,0.481865
SYN_P004,SYN_P074,0.319044
SYN_P004,SYN_P077,0.585829
SYN_P004,SYN_P080,0.473593
SYN_P004,SYN_P094,0.443732
SYN_P004,SYN_P102,0.919212
SYN_P004,SYN_P104,0.952859
SYN_P004,SYN_P109,0.626140
SYN_P005,SYN_P008,0.516127
SYN_P005,SYN_P010,0.280021
SYN_P005,SYN_P015,0.923885
SYN_P005,SYN_P017,0.296193
SYN_P005,SYN_P027,0.368733
SYN_P005,SYN_P030,0.866440
SYN_P005,SYN_P034,0.390338
SYN_P005,SYN_P038,0.356685
SYN_P005,SYN_P043,0.469246
SYN_P005,SYN_P044,0.364829
SYN_P005,SYN_P045,0.759153
SYN_P005,SYN_P056,0.736863
SYN_P005,SYN_P071,0.337892
SYN_P005,SYN_P079,0.284868
SYN_P005,SYN_P085,0.723817
SYN_P005,SYN_P094,0.793793
SYN_P005,SYN_P095,0.388066
SYN_P005,SYN_P100,0.563410
SYN_P005,SYN_P101,0.756822
SYN_P005,SYN_P106,0.310669
SYN_P005,SYN_P110,0.400748
SYN_P005,SYN_P111,0.540511
SYN_P006,SYN_P008,0.887167
SYN_P006,SYN_P013,0.527666
SYN_P006,SYN_P014,0.412639
SYN_P006,SYN_P026,0.993397
SYN_P006,SYN_P029,0.598468
SYN_P006,SYN_P030,0.879114
SYN_P006,SYN_P031,0.290312
SYN_P006,SYN_P037,0.325761
SYN_P006,SYN_P040,0.549189
SYN_P006,SYN_P041,0.175160
SYN_P006,SYN_P043,0.776267
SYN_P006,SYN_P044,0.599262
SYN_P006,SYN_P083,0.949680
SYN_P006,SYN_P085,0.382187
SYN_P006,SYN_P086,0.961610
SYN_P006,SYN_P095,0.607216
SYN_P006,SYN_P099,0.467876
SYN_P006,SYN_P104,0.638603
SYN_P006,SYN_P110,0.561603
SYN_P006,SYN_P112,0.346366
SYN_P007,SYN_P011,0.954136
SYN_P007,SYN_P017,0.709095
SYN_P007,SYN_P018,0.742290
SYN_P007,SYN_P019,0.663434
SYN_P007,SYN_P020,0.915979
SYN_P007,SYN_P021,0.354256
SYN_P007,SYN_P024,0.469804
SYN_P007,SYN_P025,0.434670
SYN_P007,SYN_P039,0.455926
SYN_P007,SYN_P044,0.741253
SYN_P007,SYN_P048,0.526768
SYN_P007,SYN_P067,0.516302
SYN_P007,SYN_P068,0.376396
SYN_P007,SYN_P075,0.616947
SYN_P007,SYN_P079,0.418310
SYN_P007,SYN_P080,0.811169
SYN_P007,SYN_P086,0.963194
SYN_P007,SYN_P087,0.709220
SYN_P007,SYN_P088,0.359697
SYN_P007,SYN_P097,0.230406
SYN_P007,SYN_P110,0.743551
SYN_P008,SYN_P009,0.481986
SYN_P008,SYN_P011,0.602042
SYN_P008,SYN_P017,0.707851
SYN_P008,SYN_P018,0.262272
SYN_P008,SYN_P019,0.770798
SYN_P008,SYN_P020,0.597963
SYN_P008,SYN_P027,0.600870
SYN_P008,SYN_P036,0.484247
SYN_P008,SYN_P037,0.179814
SYN_P008,SYN_P047,0.952069
SYN_P008,SYN_P048,0.592507
SYN_P008,SYN_P056,0.753437
SYN_P008,SYN_P060,0.428228
SYN_P008,SYN_P071,0.431360
SYN_P008,SYN_P073,0.495747
SYN_P008,SYN_P076,0.983721
SYN_P008,SYN_P080,0.697720
SYN_P008,SYN_P084,0.930677
SYN_P008,SYN_P089,0.903711
SYN_P008,SYN_P091,0.660394
SYN_P008,SYN_P100,0.288802
SYN_P008,SYN_P104,0.890485
SYN_P008,SYN_P108,0.331935
SYN_P008,SYN_P113,0.670578
SYN_P009,SYN_P012,0.822542
SYN_P009,SYN_P015,0.596436
SYN_P009,SYN_P019,0.862454
SYN_P009,SYN_P029,0.189578
SYN_P009,SYN_P031,0.476071
SYN_P009,SYN_P032,0.330345
SYN_P009,SYN_P041,0.917859
SYN_P009,SYN_P048,0.710620
SYN_P009,SYN_P049,0.193200
SYN_P009,SYN_P056,0.444608
SYN_P009,SYN_P060,0.413741
SYN_P009,SYN_P064,0.236754
SYN_P009,SYN_P067,0.873790
SYN_P009,SYN_P069,0.896166
SYN_P009,SYN_P075,0.291414
SYN_P009,SYN_P078,0.511240
SYN_P009,SYN_P083,0.659244
SYN_P009,SYN_P088,0.723514
SYN_P009,SYN_P094,0.993036
SYN_P009,SYN_P098,0.412692
SYN_P010,SYN_P015,0.779273
SYN_P010,SYN_P017,0.593549
SYN_P010,SYN_P027,0.269978
SYN_P010,SYN_P030,0.246985
SYN_P010,SYN_P031,0.416113
SYN_P010,SYN_P033,0.240349
SYN_P010,SYN_P036,0.268712
SYN_P010,SYN_P039,0.609785
SYN_P010,SYN_P041,0.328066
SYN_P010,SYN_P052,0.471282
SYN_P010,SYN_P053,0.817337
SYN_P010,SYN_P056,0.344952
SYN_P010,SYN_P065,0.967776
SYN_P010,SYN_P067,0.857193
SYN_P010,SYN_P071,0.644980
SYN_P010,SYN_P074,0.299324
SYN_P010,SYN_P077,0.431318
SYN_P010,SYN_P088,0.436392
SYN_P010,SYN_P089,0.211739
SYN_P010,SYN_P091,0.162988
SYN_P010,SYN_P094,0.528869
SYN_P010,SYN_P096,0.801310
SYN_P010,SYN_P104,0.947769
SYN_P010,SYN_P109,0.347036
SYN_P011,SYN_P027,0.513609
SYN_P011,SYN_P042,0.313018
SYN_P011,SYN_P044,0.957725
SYN_P011,SYN_P048,0.555184
SYN_P011,SYN_P052,0.603767
SYN_P011,SYN_P055,0.151031
SYN_P011,SYN_P063,0.961693
SYN_P011,SYN_P072,0.542067
SYN_P011,SYN_P075,0.728825
SYN_P011,SYN_P077,0.802780
SYN_P011,SYN_P078,0.349913
SYN_P011,SYN_P080,0.922959
SYN_P011,SYN_P086,0.903849
SYN_P011,SYN_P092,0.997452
SYN_P011,SYN_P098,0.380923
SYN_P011,SYN_P111,0.243655
SYN_P012,SYN_P021,0.509875
SYN_P012,SYN_P023,0.917805
SYN_P012,SYN_P024,0.297154
SYN_P012,SYN_P027,0.544395
SYN_P012,SYN_P029,0.481935
SYN_P012,SYN_P034,0.291138
SYN_P012,SYN_P037,0.731104
SYN_P012,SYN_P038,0.600425
SYN_P012,SYN_P041,0.240377
SYN_P012,SYN_P042,0.433894
SYN_P012,SYN_P044,0.532667
SYN_P012,SYN_P045,0.983411
SYN_P012,SYN_P046,0.444557
SYN_P012,SYN_P048,0.532914
SYN_P012,SYN_P049,0.665604
SYN_P012,SYN_P051,0.236179
SYN_P012,SYN_P060,0.495276
SYN_P012,SYN_P062,0.247742
SYN_P012,SYN_P066,0.366436
SYN_P012,SYN_P070,0.764839
SYN_P012,SYN_P080,0.244380
SYN_P012,SYN_P087,0.971591
SYN_P012,SYN_P091,0.153939
SYN_P012,SYN_P094,0.375871
SYN_P012,SYN_P095,0.964348
SYN_P012,SYN_P106,0.873409
SYN_P012,SYN_P109,0.906400
SYN_P012,SYN_P110,0.256365
SYN_P012,SYN_P112,0.915779
SYN_P013,SYN_P015,0.192554
SYN_P013,SYN_P021,0.807214
SYN_P013,SYN_P025,0.929133
SYN_P013,SYN_P028,0.637893
SYN_P013,SYN_P030,0.941326
SYN_P013,SYN_P033,0.558326
SYN_P013,SYN_P034,0.929476
SYN_P013,SYN_P043,0.336220
SYN_P013,SYN_P046,0.952037
SYN_P013,SYN_P051,0.643628
SYN_P013,SYN_P054,0.415361
SYN_P013,SYN_P063,0.320113
SYN_P013,SYN_P071,0.350332
SYN_P013,SYN_P073,0.406790
SYN_P013,SYN_P078,0.503948
SYN_P013,SYN_P081,0.381572
SYN_P013,SYN_P085,0.215307
SYN_P013,SYN_P093,0.938889
SYN_P013,SYN_P097,0.987747
SYN_P013,SYN_P098,0.342794
SYN_P013,SYN_P105,0.651574
SYN_P013,SYN_P107,0.995485
SYN_P014,SYN_P015,0.444503
SYN_P014,SYN_P016,0.511458
SYN_P014,SYN_P021,0.847558
SYN_P014,SYN_P024,0.784071
SYN_P014,SYN_P029,0.823939
SYN_P014,SYN_P033,0.177083
SYN_P014,SYN_P037,0.688539
SYN_P014,SYN_P043,0.729562
SYN_P014,SYN_P045,0.941044
SYN_P014,SYN_P061,0.596104
SYN_P014,SYN_P069,0.264994
SYN_P014,SYN_P070,0.388140
SYN_P014,SYN_P071,0.744660
SYN_P014,SYN_P074,0.631528
SYN_P014,SYN_P076,0.269785
SYN_P014,SYN_P079,0.268495
SYN_P014,SYN_P087,0.865346
SYN_P014,SYN_P092,0.859093
SYN_P014,SYN_P093,0.224668
SYN_P014,SYN_P095,0.880060
SYN_P014,SYN_P097,0.596922
SYN_P014,SYN_P106,0.380985
SYN_P015,SYN_P018,0.577205
SYN_P015,SYN_P023,0.219338
SYN_P015,SYN_P030,0.943261
SYN_P015,SYN_P032,0.491712
SYN_P015,SYN_P052,0.937652
SYN_P015,SYN_P055,0.630884
SYN_P015,SYN_P062,0.352423
SYN_P015,SYN_P066,0.387028
SYN_P015,SYN_P067,0.438201
SYN_P015,SYN_P095,0.845383
SYN_P015,SYN_P099,0.921810
SYN_P015,SYN_P101,0.646768
SYN_P015,SYN_P106,0.799276
SYN_P016,SYN_P022,0.308949
SYN_P016,SYN_P025,0.751820
SYN_P016,SYN_P026,0.281383
SYN_P016,SYN_P027,0.291300
SYN_P016,SYN_P030,0.870787
SYN_P016,SYN_P034,0.339644
SYN_P016,SYN_P035,0.983032
SYN_P016,SYN_P037,0.571093
SYN_P016,SYN_P048,0.349525
SYN_P016,SYN_P051,0.778915
SYN_P016,SYN_P054,0.176109
SYN_P016,SYN_P058,0.927168
SYN_P016,SYN_P061,0.975383
SYN_P016,SYN_P062,0.877118
SYN_P016,SYN_P063,0.900259
SYN_P016,SYN_P073,0.616172
SYN_P016,SYN_P076,0.585496
SYN_P016,SYN_P077,0.438770
SYN_P016,SYN_P083,0.793410
SYN_P016,SYN_P094,0.181540
SYN_P016,SYN_P096,0.381314
SYN_P017,SYN_P018,0.848439
SYN_P017,SYN_P024,0.891976
SYN_P017,SYN_P032,0.387700
SYN_P017,SYN_P033,0.490325
SYN_P017,SYN_P040,0.835450
SYN_P017,SYN_P047,0.545940
SYN_P017,SYN_P053,0.484743
SYN_P017,SYN_P073,0.288257
SYN_P017,SYN_P076,0.961845
SYN_P017,SYN_P077,0.946274
SYN_P017,SYN_P080,0.161658
SYN_P017,SYN_P085,0.401240
SYN_P017,SYN_P087,0.994592
SYN_P017,SYN_P092,0.660688
SYN_P017,SYN_P095,0.179800
SYN_P017,SYN_P096,0.484295
SYN_P017,SYN_P098,0.467947
SYN_P017,SYN_P103,0.275781
SYN_P017,SYN_P110,0.446887
SYN_P017,SYN_P112,0.573395
SYN_P018,SYN_P021,0.871985
SYN_P018,SYN_P024,0.711929
SYN_P018,SYN_P031,0.203112
SYN_P018,SYN_P039,0.377568
SYN_P018,SYN_P040,0.399374
SYN_P018,SYN_P042,0.619206
SYN_P018,SYN_P050,0.433761
SYN_P018,SYN_P055,0.965047
SYN_P018,SYN_P056,0.474815
SYN_P018,SYN_P062,0.686273
SYN_P018,SYN_P063,0.790156
SYN_P018,SYN_P069,0.468741
SYN_P018,SYN_P070,0.715036
SYN_P018,SYN_P071,0.589326
SYN_P018,SYN_P072,0.825911
SYN_P018,SYN_P074,0.467007
SYN_P018,SYN_P076,0.667510
SYN_P018,SYN_P077,0.456034
SYN_P018,SYN_P079,0.865710
SYN_P018,SYN_P088,0.971399
SYN_P018,SYN_P089,0.564873
SYN_P018,SYN_P093,0.508468
SYN_P018,SYN_P099,0.169181
SYN_P018,SYN_P100,0.860627
SYN_P018,SYN_P101,0.301126
SYN_P018,SYN_P103,0.643489
SYN_P018,SYN_P106,0.629074
SYN_P018,SYN_P112,0.882889
SYN_P019,SYN_P026,0.518315
SYN_P019,SYN_P030,0.316356
SYN_P019,SYN_P040,0.393043
SYN_P019,SYN_P048,0.330798
SYN_P019,SYN_P049,0.679560
SYN_P019,SYN_P057,0.863559
SYN_P019,SYN_P063,0.691239
SYN_P019,SYN_P072,0.591167
SYN_P019,SYN_P073,0.271750
SYN_P019,SYN_P078,0.969963
SYN_P019,SYN_P081,0.386260
SYN_P019,SYN_P088,0.586645
SYN_P019,SYN_P090,0.915532
SYN_P019,SYN_P091,0.953850
SYN_P019,SYN_P098,0.917626
SYN_P019,SYN_P103,0.525655
SYN_P019,SYN_P110,0.222940
SYN_P019,SYN_P111,0.214625
SYN_P020,SYN_P034,0.479086
SYN_P020,SYN_P037,0.486238
SYN_P020,SYN_P039,0.754759
SYN_P020,SYN_P047,0.370295
SYN_P020,SYN_P049,0.579930
SYN_P020,SYN_P050,0.698764
SYN_P020,SYN_P055,0.762130
SYN_P020,SYN_P057,0.278845
SYN_P020,SYN_P077,0.765444
SYN_P020,SYN_P080,0.555356
SYN_P020,SYN_P081,0.302776
SYN_P020,SYN_P083,0.711155
SYN_P020,SYN_P089,0.740316
SYN_P020,SYN_P095,0.242524
SYN_P020,SYN_P097,0.596263
SYN_P020,SYN_P103,0.379014
SYN_P020,SYN_P111,0.286403
SYN_P021,SYN_P026,0.356806
SYN_P021,SYN_P028,0.551205
SYN_P021,SYN_P031,0.700466
SYN_P021,SYN_P032,0.590721
SYN_P021,SYN_P034,0.830025
SYN_P021,SYN_P035,0.897516
SYN_P021,SYN_P036,0.337023
SYN_P021,SYN_P038,0.818405
SYN_P021,SYN_P043,0.393553
SYN_P021,SYN_P069,0.309967
SYN_P021,SYN_P070,0.618708
SYN_P021,SYN_P076,0.850219
SYN_P021,SYN_P079,0.911398
SYN_P021,SYN_P082,0.412405
SYN_P021,SYN_P085,0.238813
SYN_P021,SYN_P086,0.917771
SYN_P021,SYN_P095,0.246090
SYN_P021,SYN_P097,0.727756
SYN_P021,SYN_P099,0.759443
SYN_P021,SYN_P109,0.896936
SYN_P022,SYN_P029,0.551712
SYN_P022,SYN_P031,0.797143
SYN_P022,SYN_P034,0.202976
SYN_P022,SYN_P040,0.610044
SYN_P022,SYN_P043,0.735122
SYN_P022,SYN_P057,0.250516
SYN_P022,SYN_P058,0.828441
SYN_P022,SYN_P065,0.220462
SYN_P022,SYN_P073,0.429145
SYN_P022,SYN_P075,0.736144
SYN_P022,SYN_P076,0.209933
SYN_P022,SYN_P079,0.206712
SYN_P022,SYN_P080,0.975744
SYN_P022,SYN_P089,0.795329
SYN_P022,SYN_P093,0.277992
SYN_P022,SYN_P095,0.415834
SYN_P022,SYN_P096,0.237252
SYN_P022,SYN_P098,0.634171
SYN_P022,SYN_P105,0.772126
SYN_P022,SYN_P106,0.541040
SYN_P023,SYN_P027,0.215430
SYN_P023,SYN_P028,0.654043
SYN_P023,SYN_P036,0.498512
SYN_P023,SYN_P037,0.219005
SYN_P023,SYN_P046,0.618471
SYN_P023,SYN_P054,0.879821
SYN_P023,SYN_P059,0.670799
SYN_P023,SYN_P061,0.735941
SYN_P023,SYN_P062,0.600837
SYN_P023,SYN_P073,0.817970
SYN_P023,SYN_P074,0.404890
SYN_P023,SYN_P081,0.439820
SYN_P023,SYN_P096,0.468280
SYN_P023,SYN_P097,0.980264
SYN_P023,SYN_P111,0.940604
SYN_P024,SYN_P027,0.457771
SYN_P024,SYN_P029,0.782088
SYN_P024,SYN_P030,0.574997
SYN_P024,SYN_P042,0.550494
SYN_P024,SYN_P052,0.182818
SYN_P024,SYN_P054,0.594871
SYN_P024,SYN_P056,0.718681
SYN_P024,SYN_P057,0.333225
SYN_P024,SYN_P061,0.344443
SYN_P024,SYN_P065,0.249037
SYN_P024,SYN_P071,0.747875
SYN_P024,SYN_P082,0.325316
SYN_P024,SYN_P085,0.233051
SYN_P024,SYN_P086,0.779640
SYN_P024,SYN_P089,0.648762
SYN_P024,SYN_P098,0.332386
SYN_P024,SYN_P099,0.906767
SYN_P024,SYN_P101,0.844960
SYN_P024,SYN_P106,0.473276
SYN_P024,SYN_P112,0.354266
SYN_P025,SYN_P026,0.425019
SYN_P025,SYN_P040,0.766859
SYN_P025,SYN_P045,0.459332
SYN_P025,SYN_P054,0.310381
SYN_P025,SYN_P069,0.714440
SYN_P025,SYN_P076,0.362289
SYN_P025,SYN_P080,0.183753
SYN_P025,SYN_P085,0.882157
SYN_P025,SYN_P088,0.313382
SYN_P025,SYN_P091,0.993313
SYN_P025,SYN_P099,0.508456
SYN_P025,SYN_P105,0.590917
SYN_P026,SYN_P030,0.744513
SYN_P026,SYN_P036,0.559890
SYN_P026,SYN_P042,0.413548
SYN_P026,SYN_P051,0.648795
SYN_P026,SYN_P061,0.205716
SYN_P026,SYN_P068,0.776172
SYN_P026,SYN_P074,0.668935
SYN_P026,SYN_P079,0.535455
SYN_P026,SYN_P088,0.276247
SYN_P026,SYN_P095,0.627108
SYN_P027,SYN_P028,0.278314
SYN_P027,SYN_P046,0.261055
SYN_P027,SYN_P048,0.167904
SYN_P027,SYN_P052,0.941524
SYN_P027,SYN_P053,0.614958
SYN_P027,SYN_P059,0.701335
SYN_P027,SYN_P065,0.389183
SYN_P027,SYN_P069,0.903200
SYN_P027,SYN_P071,0.484643
SYN_P027,SYN_P075,0.484746
SYN_P027,SYN_P076,0.245002
SYN_P027,SYN_P085,0.793162
SYN_P027,SYN_P095,0.459468
SYN_P028,SYN_P029,0.320800
SYN_P028,SYN_P035,0.391093
SYN_P028,SYN_P036,0.459871
SYN_P028,SYN_P037,0.313703
SYN_P028,SYN_P050,0.259752
SYN_P028,SYN_P051,0.590202
SYN_P028,SYN_P053,0.667784
SYN_P028,SYN_P070,0.271122
SYN_P028,SYN_P074,0.200427
SYN_P028,SYN_P087,0.206505
SYN_P028,SYN_P089,0.979549
SYN_P028,SYN_P093,0.690238
SYN_P028,SYN_P099,0.442178
SYN_P028,SYN_P105,0.939120
SYN_P029,SYN_P031,0.442729
SYN_P029,SYN_P035,0.226591
SYN_P029,SYN_P042,0.968632
SYN_P029,SYN_P047,0.895369
SYN_P029,SYN_P050,0.976954
SYN_P029,SYN_P052,0.389385
SYN_P029,SYN_P058,0.705723
SYN_P029,SYN_P062,0.812102
SYN_P029,SYN_P063,0.915288
SYN_P029,SYN_P075,0.540611
SYN_P029,SYN_P077,0.448716
SYN_P029,SYN_P085,0.609425
SYN_P029,SYN_P092,0.881670
SYN_P029,SYN_P094,0.628048
SYN_P029,SYN_P096,0.505308
SYN_P029,SYN_P100,0.869528
SYN_P029,SYN_P105,0.171454
SYN_P029,SYN_P111,0.291172
SYN_P029,SYN_P112,0.245511
SYN_P029,SYN_P113,0.439528
SYN_P030,SYN_P035,0.561922
SYN_P030,SYN_P037,0.239689
SYN_P030,SYN_P051,0.309785
SYN_P030,SYN_P052,0.608022
SYN_P030,SYN_P060,0.533773
SYN_P030,SYN_P062,0.584362
SYN_P030,SYN_P063,0.477009
SYN_P030,SYN_P072,0.995606
SYN_P030,SYN_P096,0.437678
SYN_P030,SYN_P108,0.902511
SYN_P030,SYN_P111,0.740481
SYN_P030,SYN_P112,0.185837
SYN_P031,SYN_P033,0.586091
SYN_P031,SYN_P057,0.741773
SYN_P031,SYN_P058,0.816453
SYN_P031,SYN_P066,0.251261
SYN_P031,SYN_P073,0.650581
SYN_P031,SYN_P074,0.620356
SYN_P031,SYN_P076,0.305396
SYN_P031,SYN_P080,0.308816
SYN_P031,SYN_P084,0.372868
SYN_P031,SYN_P085,0.542677
SYN_P031,SYN_P090,0.289251
SYN_P031,SYN_P095,0.372998
SYN_P031,SYN_P096,0.536158
SYN_P031,SYN_P098,0.988900
SYN_P031,SYN_P103,0.922603
SYN_P031,SYN_P108,0.265349
SYN_P032,SYN_P036,0.950289
SYN_P032,SYN_P042,0.682728
SYN_P032,SYN_P043,0.724230
SYN_P032,SYN_P044,0.267172
SYN_P032,SYN_P048,0.595264
SYN_P032,SYN_P049,0.759990
SYN_P032,SYN_P052,0.292044
SYN_P032,SYN_P065,0.662846
SYN_P032,SYN_P067,0.887349
SYN_P032,SYN_P070,0.996875
SYN_P032,SYN_P078,0.807676
SYN_P032,SYN_P083,0.676771
SYN_P032,SYN_P087,0.760060
SYN_P032,SYN_P093,0.784722
SYN_P032,SYN_P096,0.902234
SYN_P032,SYN_P099,0.588476
SYN_P032,SYN_P100,0.481606
SYN_P032,SYN_P102,0.250686
SYN_P032,SYN_P106,0.431899
SYN_P032,SYN_P107,0.875558
SYN_P032,SYN_P109,0.342618
SYN_P033,SYN_P042,0.787645
SYN_P033,SYN_P043,0.217065
SYN_P033,SYN_P044,0.881566
SYN_P033,SYN_P049,0.351688
SYN_P033,SYN_P061,0.920586
SYN_P033,SYN_P062,0.612425
SYN_P033,SYN_P064,0.889327
SYN_P033,SYN_P066,0.779226
SYN_P033,SYN_P069,0.160765
SYN_P033,SYN_P073,0.258954
SYN_P033,SYN_P075,0.990510
SYN_P033,SYN_P084,0.603882
SYN_P033,SYN_P085,0.555513
SYN_P033,SYN_P086,0.424217
SYN_P033,SYN_P087,0.152621
SYN_P033,SYN_P090,0.447263
SYN_P033,SYN_P092,0.243370
SYN_P033,SYN_P098,0.822692
SYN_P033,SYN_P111,0.395769
SYN_P034,SYN_P040,0.735027
SYN_P034,SYN_P045,0.392137
SYN_P034,SYN_P047,0.478304
SYN_P034,SYN_P054,0.289357
SYN_P034,SYN_P057,0.269279
SYN_P034,SYN_P060,0.591204
SYN_P034,SYN_P061,0.649714
SYN_P034,SYN_P073,0.971925
SYN_P034,SYN_P076,0.348742
SYN_P034,SYN_P092,0.376514
SYN_P034,SYN_P097,0.472285
SYN_P034,SYN_P104,0.483094
SYN_P034,SYN_P110,0.590526
SYN_P035,SYN_P039,0.450306
SYN_P035,SYN_P043,0.814368
SYN_P035,SYN_P046,0.819456
SYN_P035,SYN_P048,0.557020
SYN_P035,SYN_P057,0.463963
SYN_P035,SYN_P061,0.597976
SYN_P035,SYN_P063,0.913258
SYN_P035,SYN_P065,0.765114
SYN_P035,SYN_P068,0.277059
SYN_P035,SYN_P071,0.773990
SYN_P035,SYN_P075,0.947441
SYN_P035,SYN_P079,0.563667
SYN_P035,SYN_P083,0.196505
SYN_P035,SYN_P096,0.330201
SYN_P035,SYN_P108,0.466854
SYN_P036,SYN_P038,0.504697
SYN_P036,SYN_P039,0.520534
SYN_P036,SYN_P040,0.739674
SYN_P036,SYN_P042,0.606338
SYN_P036,SYN_P048,0.439460
SYN_P036,SYN_P050,0.766939
SYN_P036,SYN_P056,0.352120
SYN_P036,SYN_P063,0.575578
SYN_P036,SYN_P064,0.822949
SYN_P036,SYN_P087,0.893862
SYN_P036,SYN_P088,0.793076
SYN_P037,SYN_P049,0.948382
SYN_P037,SYN_P055,0.360955
SYN_P037,SYN_P059,0.972707
SYN_P037,SYN_P069,0.332308
SYN_P037,SYN_P074,0.698994
SYN_P037,SYN_P078,0.756268
SYN_P037,SYN_P087,0.592177
SYN_P037,SYN_P093,0.719492
SYN_P037,SYN_P098,0.605209
SYN_P037,SYN_P106,0.269401
SYN_P037,SYN_P107,0.288954
SYN_P037,SYN_P113,0.327779
SYN_P038,SYN_P048,0.881356
SYN_P038,SYN_P051,0.288072
SYN_P038,SYN_P056,0.667858
SYN_P038,SYN_P057,0.726867
SYN_P038,SYN_P059,0.732684
SYN_P038,SYN_P060,0.381318
SYN_P038,SYN_P073,0.671100
SYN_P038,SYN_P076,0.433980
SYN_P038,SYN_P081,0.531415
SYN_P038,SYN_P082,0.250769
SYN_P038,SYN_P086,0.660051
SYN_P038,SYN_P089,0.339240
SYN_P038,SYN_P092,0.555411
SYN_P038,SYN_P096,0.915413
SYN_P038,SYN_P106,0.542215
SYN_P038,SYN_P110,0.369192
SYN_P039,SYN_P040,0.625082
SYN_P039,SYN_P041,0.821789
SYN_P039,SYN_P044,0.728275
SYN_P039,SYN_P047,0.251643
SYN_P039,SYN_P049,0.593060
SYN_P039,SYN_P053,0.349907
SYN_P039,SYN_P059,0.273040
SYN_P039,SYN_P063,0.903351
SYN_P039,SYN_P071,0.256411
SYN_P039,SYN_P073,0.229040
SYN_P039,SYN_P081,0.891444
SYN_P039,SYN_P083,0.794530
SYN_P039,SYN_P085,0.277752
SYN_P039,SYN_P100,0.796796
SYN_P039,SYN_P101,0.311341
SYN_P040,SYN_P041,0.590257
SYN_P040,SYN_P042,0.712826
SYN_P040,SYN_P049,0.706554
SYN_P040,SYN_P052,0.891579
SYN_P040,SYN_P074,0.665935
SYN_P040,SYN_P077,0.485715
SYN_P040,SYN_P087,0.490048
SYN_P040,SYN_P092,0.768464
SYN_P040,SYN_P095,0.448845
SYN_P040,SYN_P100,0.622131
SYN_P040,SYN_P104,0.924717
SYN_P040,SYN_P107,0.994671
SYN_P041,SYN_P047,0.342752
SYN_P041,SYN_P052,0.655096
SYN_P041,SYN_P065,0.543383
SYN_P041,SYN_P070,0.535962
SYN_P041,SYN_P072,0.320518
SYN_P041,SYN_P073,0.560622
SYN_P041,SYN_P075,0.874137
SYN_P041,SYN_P091,0.676986
SYN_P041,SYN_P097,0.407514
SYN_P041,SYN_P101,0.753451
SYN_P041,SYN_P104,0.945172
SYN_P041,SYN_P106,0.282887
SYN_P041,SYN_P111,0.420668
SYN_P042,SYN_P058,0.896890
SYN_P042,SYN_P063,0.615710
SYN_P042,SYN_P064,0.659564
SYN_P042,SYN_P072,0.182553
SYN_P042,SYN_P077,0.209482
SYN_P042,SYN_P082,0.245506
SYN_P042,SYN_P085,0.407922
SYN_P042,SYN_P092,0.532926
SYN_P042,SYN_P097,0.251076
SYN_P043,SYN_P050,0.748892
SYN_P043,SYN_P056,0.239403
SYN_P043,SYN_P063,0.403022
SYN_P043,SYN_P065,0.693811
SYN_P043,SYN_P074,0.494824
SYN_P043,SYN_P089,0.238019
SYN_P043,SYN_P090,0.783679
SYN_P043,SYN_P092,0.375983
SYN_P043,SYN_P100,0.821925
SYN_P043,SYN_P104,0.869711
SYN_P043,SYN_P105,0.637779
SYN_P043,SYN_P106,0.917506
SYN_P043,SYN_P111,0.382845
SYN_P044,SYN_P050,0.423921
SYN_P044,SYN_P056,0.557272
SYN_P044,SYN_P058,0.152316
SYN_P044,SYN_P060,0.564558
SYN_P044,SYN_P068,0.481075
SYN_P044,SYN_P071,0.441677
SYN_P044,SYN_P083,0.880641
SYN_P044,SYN_P100,0.217898
SYN_P044,SYN_P102,0.518739
SYN_P044,SYN_P107,0.749952
SYN_P044,SYN_P109,0.591699
SYN_P044,SYN_P111,0.745897
SYN_P044,SYN_P113,0.582799
SYN_P045,SYN_P050,0.453709
SYN_P045,SYN_P054,0.416636
SYN_P045,SYN_P062,0.677179
SYN_P045,SYN_P068,0.323624
SYN_P045,SYN_P080,0.943621
SYN_P045,SYN_P090,0.878302
SYN_P045,SYN_P096,0.314378
SYN_P045,SYN_P099,0.370269
SYN_P045,SYN_P104,0.857196
SYN_P045,SYN_P108,0.718542
SYN_P045,SYN_P111,0.617718
SYN_P046,SYN_P056,0.494632
SYN_P046,SYN_P057,0.675431
SYN_P046,SYN_P063,0.166605
SYN_P046,SYN_P066,0.840019
SYN_P046,SYN_P093,0.754604
SYN_P046,SYN_P107,0.967263
SYN_P047,SYN_P048,0.240129
SYN_P047,SYN_P050,0.769865
SYN_P047,SYN_P053,0.166642
SYN_P047,SYN_P069,0.450917
SYN_P047,SYN_P071,0.590139
SYN_P047,SYN_P073,0.595500
SYN_P047,SYN_P078,0.973197
SYN_P047,SYN_P080,0.767805
SYN_P047,SYN_P081,0.185571
SYN_P047,SYN_P083,0.252598
SYN_P047,SYN_P092,0.800153
SYN_P047,SYN_P093,0.576037
SYN_P047,SYN_P094,0.443988
SYN_P047,SYN_P102,0.324421
SYN_P047,SYN_P103,0.689002
SYN_P047,SYN_P106,0.314587
SYN_P047,SYN_P107,0.210265
SYN_P047,SYN_P110,0.345686
SYN_P047,SYN_P111,0.779240
SYN_P048,SYN_P051,0.786550
SYN_P048,SYN_P058,0.681170
SYN_P048,SYN_P072,0.782068
SYN_P048,SYN_P073,0.213775
SYN_P048,SYN_P077,0.556042
SYN_P048,SYN_P083,0.180897
SYN_P048,SYN_P084,0.811672
SYN_P048,SYN_P085,0.458272
SYN_P048,SYN_P087,0.616692
SYN_P048,SYN_P088,0.431784
SYN_P048,SYN_P089,0.773325
SYN_P048,SYN_P092,0.762994
SYN_P048,SYN_P096,0.328672
SYN_P048,SYN_P097,0.254304
SYN_P048,SYN_P098,0.482050
SYN_P048,SYN_P099,0.610270
SYN_P048,SYN_P108,0.270966
SYN_P048,SYN_P109,0.598317
SYN_P048,SYN_P112,0.396861
SYN_P049,SYN_P050,0.399461
SYN_P049,SYN_P060,0.202590
SYN_P049,SYN_P061,0.824514
SYN_P049,SYN_P063,0.587659
SYN_P049,SYN_P077,0.705247
SYN_P049,SYN_P084,0.655418
SYN_P049,SYN_P085,0.649740
SYN_P049,SYN_P088,0.753079
SYN_P049,SYN_P095,0.337419
SYN_P049,SYN_P096,0.960206
SYN_P049,SYN_P097,0.863300
SYN_P049,SYN_P098,0.693022
SYN_P049,SYN_P102,0.614047
SYN_P050,SYN_P053,0.292872
SYN_P050,SYN_P065,0.613650
SYN_P050,SYN_P070,0.272590
SYN_P050,SYN_P077,0.190423
SYN_P050,SYN_P083,0.912766
SYN_P050,SYN_P088,0.519079
SYN_P050,SYN_P091,0.428175
SYN_P050,SYN_P092,0.943434
SYN_P050,SYN_P098,0.667403
SYN_P050,SYN_P101,0.445982
SYN_P050,SYN_P102,0.819574
SYN_P051,SYN_P052,0.355365
SYN_P051,SYN_P054,0.533440
SYN_P051,SYN_P055,0.668858
SYN_P051,SYN_P058,0.307467
SYN_P051,SYN_P059,0.519115
SYN_P051,SYN_P060,0.585541
SYN_P051,SYN_P067,0.869704
SYN_P051,SYN_P084,0.214963
SYN_P051,SYN_P085,0.948002
SYN_P051,SYN_P099,0.863783
SYN_P051,SYN_P101,0.461615
SYN_P051,SYN_P103,0.207890
SYN_P051,SYN_P107,0.237743
SYN_P051,SYN_P108,0.375621
SYN_P052,SYN_P053,0.325228
SYN_P052,SYN_P069,0.782462
SYN_P052,SYN_P070,0.750487
SYN_P052,SYN_P082,0.225721
SYN_P052,SYN_P083,0.401777
SYN_P052,SYN_P091,0.367352
SYN_P052,SYN_P092,0.345231
SYN_P052,SYN_P098,0.806920
SYN_P052,SYN_P099,0.748402
SYN_P052,SYN_P105,0.988696
SYN_P052,SYN_P108,0.195462
SYN_P052,SYN_P112,0.467952
SYN_P053,SYN_P056,0.722271
SYN_P053,SYN_P061,0.254082
SYN_P053,SYN_P062,0.634646
SYN_P053,SYN_P064,0.742322
SYN_P053,SYN_P065,0.895548
SYN_P053,SYN_P074,0.994794
SYN_P053,SYN_P076,0.933209
SYN_P053,SYN_P084,0.490830
SYN_P053,SYN_P085,0.176623
SYN_P053,SYN_P091,0.962801
SYN_P053,SYN_P092,0.689994
SYN_P053,SYN_P093,0.244697
SYN_P053,SYN_P095,0.649321
SYN_P053,SYN_P097,0.666202
SYN_P053,SYN_P098,0.811930
SYN_P053,SYN_P102,0.421267
SYN_P053,SYN_P111,0.385840
SYN_P054,SYN_P058,0.722514
SYN_P054,SYN_P061,0.844887
SYN_P054,SYN_P065,0.282172
SYN_P054,SYN_P068,0.426783
SYN_P054,SYN_P082,0.384595
SYN_P054,SYN_P089,0.401453
SYN_P054,SYN_P094,0.643887
SYN_P054,SYN_P095,0.394368
SYN_P054,SYN_P097,0.802766
SYN_P054,SYN_P103,0.169016
SYN_P054,SYN_P106,0.878902
SYN_P054,SYN_P109,0.503295
SYN_P054,SYN_P110,0.886798
SYN_P055,SYN_P057,0.570832
SYN_P055,SYN_P061,0.287862
SYN_P055,SYN_P068,0.834315
SYN_P055,SYN_P070,0.715015
SYN_P055,SYN_P081,0.847281
SYN_P055,SYN_P082,0.245471
SYN_P055,SYN_P088,0.388587
SYN_P055,SYN_P090,0.989689
SYN_P055,SYN_P093,0.473540
SYN_P055,SYN_P097,0.968231
SYN_P055,SYN_P098,0.518489
SYN_P055,SYN_P113,0.318632
SYN_P056,SYN_P068,0.163173
SYN_P056,SYN_P072,0.799282
SYN_P056,SYN_P079,0.907395
SYN_P056,SYN_P092,0.634277
SYN_P056,SYN_P094,0.514005
SYN_P056,SYN_P097,0.320285
SYN_P056,SYN_P104,0.689351
SYN_P056,SYN_P105,0.806214
SYN_P056,SYN_P110,0.427435
SYN_P057,SYN_P069,0.867978
SYN_P057,SYN_P071,0.975042
SYN_P057,SYN_P072,0.690604
SYN_P057,SYN_P074,0.622958
SYN_P057,SYN_P075,0.519449
SYN_P057,SYN_P077,0.828331
SYN_P057,SYN_P079,0.772774
SYN_P057,SYN_P085,0.499618
SYN_P057,SYN_P087,0.268339
SYN_P057,SYN_P088,0.726706
SYN_P057,SYN_P089,0.648668
SYN_P057,SYN_P103,0.258114
SYN_P057,SYN_P111,0.162745
SYN_P058,SYN_P062,0.630290
SYN_P058,SYN_P084,0.425517
SYN_P058,SYN_P088,0.557253
SYN_P058,SYN_P089,0.675645
SYN_P058,SYN_P102,0.723881
SYN_P058,SYN_P107,0.343237
SYN_P058,SYN_P109,0.379858
SYN_P059,SYN_P061,0.823829
SYN_P059,SYN_P066,0.192475
SYN_P059,SYN_P070,0.821520
SYN_P059,SYN_P078,0.763560
SYN_P059,SYN_P083,0.276391
SYN_P059,SYN_P085,0.722922
SYN_P059,SYN_P086,0.305312
SYN_P059,SYN_P087,0.786255
SYN_P059,SYN_P089,0.942051
SYN_P059,SYN_P093,0.511476
SYN_P059,SYN_P098,0.401002
SYN_P059,SYN_P100,0.785571
SYN_P059,SYN_P101,0.347100
SYN_P059,SYN_P102,0.269469
SYN_P059,SYN_P103,0.418801
SYN_P059,SYN_P104,0.993971
SYN_P059,SYN_P108,0.574574
SYN_P059,SYN_P113,0.521336
SYN_P060,SYN_P066,0.404792
SYN_P060,SYN_P073,0.786022
SYN_P060,SYN_P074,0.426104
SYN_P060,SYN_P084,0.904450
SYN_P060,SYN_P086,0.395222
SYN_P060,SYN_P092,0.637452
SYN_P060,SYN_P093,0.689456
SYN_P060,SYN_P097,0.814746
SYN_P060,SYN_P100,0.261223
SYN_P060,SYN_P108,0.220519
SYN_P060,SYN_P110,0.720118
SYN_P060,SYN_P113,0.285103
SYN_P061,SYN_P068,0.619050
SYN_P061,SYN_P075,0.211617
SYN_P061,SYN_P083,0.931801
SYN_P061,SYN_P085,0.958911
SYN_P061,SYN_P093,0.450717
SYN_P061,SYN_P095,0.537501
SYN_P061,SYN_P105,0.193776
SYN_P061,SYN_P108,0.302833
SYN_P061,SYN_P111,0.436196
SYN_P062,SYN_P065,0.640108
SYN_P062,SYN_P066,0.864129
SYN_P062,SYN_P071,0.681632
SYN_P062,SYN_P073,0.798006
SYN_P062,SYN_P084,0.767818
SYN_P062,SYN_P091,0.814649
SYN_P062,SYN_P094,0.173432
SYN_P062,SYN_P104,0.385690
SYN_P063,SYN_P064,0.366882
SYN_P063,SYN_P077,0.339659
SYN_P063,SYN_P078,0.181947
SYN_P063,SYN_P079,0.210740
SYN_P063,SYN_P092,0.638550
SYN_P063,SYN_P093,0.963014
SYN_P063,SYN_P097,0.500230
SYN_P063,SYN_P098,0.969269
SYN_P063,SYN_P102,0.598782
SYN_P063,SYN_P108,0.682467
SYN_P063,SYN_P109,0.310307
SYN_P063,SYN_P110,0.406259
SYN_P064,SYN_P067,0.673135
SYN_P064,SYN_P069,0.418861
SYN_P064,SYN_P076,0.658882
SYN_P064,SYN_P080,0.870840
SYN_P064,SYN_P097,0.988757
SYN_P064,SYN_P104,0.741496
SYN_P064,SYN_P111,0.572666
SYN_P065,SYN_P070,0.709729
SYN_P065,SYN_P071,0.625675
SYN_P065,SYN_P080,0.812430
SYN_P065,SYN_P083,0.666127
SYN_P065,SYN_P084,0.755541
SYN_P065,SYN_P085,0.694172
SYN_P065,SYN_P086,0.251435
SYN_P065,SYN_P091,0.634642
SYN_P065,SYN_P092,0.676860
SYN_P065,SYN_P096,0.649487
SYN_P065,SYN_P100,0.611956
SYN_P065,SYN_P102,0.761014
SYN_P065,SYN_P106,0.420271
SYN_P065,SYN_P113,0.909782
SYN_P066,SYN_P073,0.323950
SYN_P066,SYN_P077,0.208178
SYN_P066,SYN_P082,0.349888
SYN_P066,SYN_P083,0.249139
SYN_P066,SYN_P087,0.368847
SYN_P066,SYN_P103,0.970520
SYN_P066,SYN_P108,0.845022
SYN_P067,SYN_P072,0.165148
SYN_P067,SYN_P080,0.770310
SYN_P067,SYN_P083,0.732389
SYN_P067,SYN_P086,0.559291
SYN_P067,SYN_P095,0.791956
SYN_P067,SYN_P108,0.414674
SYN_P067,SYN_P109,0.974664
SYN_P067,SYN_P110,0.602880
SYN_P067,SYN_P113,0.940338
SYN_P068,SYN_P069,0.963230
SYN_P068,SYN_P070,0.234876
SYN_P068,SYN_P076,0.202429
SYN_P068,SYN_P079,0.379132
SYN_P068,SYN_P082,0.727788
SYN_P068,SYN_P083,0.314130
SYN_P068,SYN_P088,0.564049
SYN_P068,SYN_P099,0.426815
SYN_P068,SYN_P100,0.404499
SYN_P068,SYN_P106,0.377314
SYN_P068,SYN_P111,0.270331
SYN_P069,SYN_P078,0.881081
SYN_P069,SYN_P084,0.870009
SYN_P069,SYN_P087,0.191133
SYN_P069,SYN_P090,0.751501
SYN_P069,SYN_P095,0.798837
SYN_P069,SYN_P100,0.403718
SYN_P069,SYN_P105,0.917412
SYN_P069,SYN_P108,0.406613
SYN_P069,SYN_P113,0.401882
SYN_P070,SYN_P075,0.742244
SYN_P070,SYN_P091,0.631745
SYN_P070,SYN_P094,0.327400
SYN_P070,SYN_P099,0.155131
SYN_P070,SYN_P107,0.666975
SYN_P070,SYN_P109,0.979581
SYN_P071,SYN_P074,0.281337
SYN_P071,SYN_P084,0.474396
SYN_P071,SYN_P094,0.700075
SYN_P071,SYN_P101,0.765694
SYN_P071,SYN_P104,0.894736
SYN_P071,SYN_P106,0.438726
SYN_P072,SYN_P074,0.861573
SYN_P072,SYN_P078,0.958328
SYN_P072,SYN_P082,0.633359
SYN_P072,SYN_P090,0.855636
SYN_P072,SYN_P091,0.240538
SYN_P072,SYN_P092,0.665497
SYN_P072,SYN_P097,0.682630
SYN_P072,SYN_P105,0.412313
SYN_P072,SYN_P106,0.161105
SYN_P072,SYN_P108,0.415961
SYN_P073,SYN_P087,0.972030
SYN_P073,SYN_P097,0.612666
SYN_P073,SYN_P102,0.256508
SYN_P073,SYN_P103,0.413012
SYN_P074,SYN_P077,0.233318
SYN_P074,SYN_P080,0.923503
SYN_P074,SYN_P082,0.531219
SYN_P074,SYN_P087,0.888704
SYN_P074,SYN_P096,0.805834
SYN_P074,SYN_P104,0.332584
SYN_P075,SYN_P085,0.566697
SYN_P075,SYN_P086,0.759687
SYN_P075,SYN_P087,0.959763
SYN_P075,SYN_P090,0.533938
SYN_P075,SYN_P091,0.367227
SYN_P075,SYN_P093,0.241234
SYN_P075,SYN_P096,0.297641
SYN_P075,SYN_P100,0.467552
SYN_P075,SYN_P102,0.376964
SYN_P076,SYN_P083,0.151056
SYN_P076,SYN_P087,0.786983
SYN_P076,SYN_P089,0.606395
SYN_P076,SYN_P102,0.459605
SYN_P077,SYN_P080,0.799964
SYN_P077,SYN_P091,0.634010
SYN_P077,SYN_P094,0.553959
SYN_P077,SYN_P104,0.373608
SYN_P077,SYN_P106,0.218674
SYN_P078,SYN_P083,0.929154
SYN_P078,SYN_P086,0.211894
SYN_P078,SYN_P098,0.341075
SYN_P078,SYN_P100,0.819309
SYN_P078,SYN_P109,0.954874
SYN_P078,SYN_P112,0.586499
SYN_P079,SYN_P081,0.652078
SYN_P079,SYN_P083,0.345327
SYN_P079,SYN_P087,0.675216
SYN_P079,SYN_P089,0.317368
SYN_P079,SYN_P098,0.874540
SYN_P079,SYN_P109,0.387630
SYN_P080,SYN_P094,0.771115
SYN_P080,SYN_P097,0.462376
SYN_P080,SYN_P101,0.924294
SYN_P080,SYN_P108,0.582814
SYN_P080,SYN_P113,0.750149
SYN_P081,SYN_P088,0.761514
SYN_P081,SYN_P091,0.229069
SYN_P081,SYN_P093,0.990595
SYN_P081,SYN_P097,0.932371
SYN_P081,SYN_P102,0.182471
SYN_P081,SYN_P105,0.453220
SYN_P081,SYN_P106,0.987785
SYN_P081,SYN_P109,0.239597
SYN_P082,SYN_P083,0.542598
SYN_P082,SYN_P084,0.347822
SYN_P082,SYN_P092,0.530045
SYN_P082,SYN_P101,0.412751
SYN_P082,SYN_P107,0.344649
SYN_P082,SYN_P111,0.842900
SYN_P082,SYN_P112,0.330780
SYN_P083,SYN_P084,0.586277
SYN_P083,SYN_P085,0.957762
SYN_P083,SYN_P086,0.307360
SYN_P083,SYN_P095,0.246992
SYN_P083,SYN_P096,0.192774
SYN_P083,SYN_P098,0.783281
SYN_P083,SYN_P102,0.777452
SYN_P083,SYN_P112,0.526788
SYN_P084,SYN_P087,0.643109
SYN_P084,SYN_P094,0.193986
SYN_P084,SYN_P098,0.775231
SYN_P084,SYN_P100,0.826435
SYN_P084,SYN_P101,0.154492
SYN_P084,SYN_P110,0.962762
SYN_P085,SYN_P091,0.530050
SYN_P085,SYN_P095,0.260781
SYN_P085,SYN_P099,0.942599
SYN_P085,SYN_P105,0.514620
SYN_P085,SYN_P106,0.722485
SYN_P086,SYN_P088,0.374146
SYN_P086,SYN_P097,0.322010
SYN_P086,SYN_P111,0.694059
SYN_P086,SYN_P112,0.479197
SYN_P087,SYN_P091,0.942421
SYN_P087,SYN_P095,0.282710
SYN_P087,SYN_P103,0.810277
SYN_P087,SYN_P106,0.770654
SYN_P087,SYN_P112,0.830592
SYN_P088,SYN_P090,0.640272
SYN_P088,SYN_P091,0.419785
SYN_P088,SYN_P098,0.953644
SYN_P088,SYN_P104,0.941201
SYN_P088,SYN_P111,0.235852
SYN_P089,SYN_P093,0.202094
SYN_P089,SYN_P097,0.446426
SYN_P089,SYN_P099,0.571864
SYN_P089,SYN_P108,0.303565
SYN_P090,SYN_P091,0.984291
SYN_P090,SYN_P092,0.168255
SYN_P090,SYN_P101,0.421574
SYN_P090,SYN_P103,0.691225
SYN_P090,SYN_P108,0.339343
SYN_P091,SYN_P097,0.563297
SYN_P091,SYN_P104,0.786536
SYN_P091,SYN_P108,0.703425
SYN_P091,SYN_P111,0.582301
SYN_P092,SYN_P094,0.647356
SYN_P092,SYN_P096,0.977827
SYN_P092,SYN_P098,0.628822
SYN_P092,SYN_P099,0.772818
SYN_P092,SYN_P102,0.412575
SYN_P092,SYN_P105,0.250695
SYN_P092,SYN_P109,0.604667
SYN_P093,SYN_P095,0.667308
SYN_P093,SYN_P108,0.346900
SYN_P093,SYN_P110,0.948603
SYN_P094,SYN_P097,0.695983
SYN_P094,SYN_P101,0.938855
SYN_P094,SYN_P104,0.685525
SYN_P094,SYN_P105,0.674081
SYN_P095,SYN_P101,0.290790
SYN_P095,SYN_P110,0.992980
SYN_P095,SYN_P112,0.215162
SYN_P095,SYN_P113,0.830158
SYN_P096,SYN_P103,0.646303
SYN_P096,SYN_P107,0.311902
SYN_P097,SYN_P098,0.775318
SYN_P097,SYN_P099,0.383701
SYN_P097,SYN_P101,0.370066
SYN_P097,SYN_P103,0.822779
SYN_P097,SYN_P108,0.834936
SYN_P097,SYN_P111,0.995162
SYN_P098,SYN_P099,0.721519
SYN_P098,SYN_P101,0.803107
SYN_P098,SYN_P102,0.555162
SYN_P098,SYN_P103,0.452276
SYN_P098,SYN_P105,0.992899
SYN_P098,SYN_P107,0.971774
SYN_P098,SYN_P108,0.212896
SYN_P099,SYN_P100,0.580359
SYN_P099,SYN_P101,0.582163
SYN_P099,SYN_P103,0.552598
SYN_P099,SYN_P108,0.762583
SYN_P099,SYN_P110,0.896573
SYN_P099,SYN_P113,0.291525
SYN_P100,SYN_P103,0.658119
SYN_P100,SYN_P109,0.371240
SYN_P100,SYN_P110,0.450094
SYN_P100,SYN_P112,0.499460
SYN_P101,SYN_P102,0.369950
SYN_P101,SYN_P104,0.792154
SYN_P101,SYN_P113,0.615556
SYN_P102,SYN_P107,0.406033
SYN_P102,SYN_P108,0.520802
SYN_P103,SYN_P104,0.983906
SYN_P103,SYN_P112,0.413080
SYN_P103,SYN_P113,0.891721
SYN_P104,SYN_P106,0.979368
SYN_P104,SYN_P107,0.683118
SYN_P106,SYN_P107,0.634489
SYN_P106,SYN_P110,0.325388
SYN_P106,SYN_P112,0.961034
SYN_P107,SYN_P108,0.177355
SYN_P107,SYN_P112,0.333713
SYN_P108,SYN_P110,0.775234
SYN_P110,SYN_P112,0.352500
SYN_P111,SYN_P112,0.850636
