Node,Level,Parent
SYN_P001,0,SYN_L1_022
SYN_P001,0,SYN_L1_027
SYN_P001,0,SYN_L1_059
SYN_P001,0,SYN_L1_064
SYN_P001,0,SYN_L1_067
SYN_P001,0,SYN_L1_082
SYN_P001,0,SYN_L1_090
SYN_P001,0,SYN_L2_022
SYN_P001,0,SYN_L2_046
SYN_P002,0,SYN_L2_003
SYN_P002,0,SYN_L2_018
SYN_P002,0,SYN_L3_024
SYN_P003,0,SYN_L1_070
SYN_P003,0,SYN_L2_007
SYN_P003,0,SYN_L2_034
SYN_P003,0,SYN_L3_023
SYN_P004,0,SYN_L1_040
SYN_P004,0,SYN_L3_026
SYN_P004,0,SYN_L3_053
SYN_P004,0,SYN_L3_057
SYN_P005,0,SYN_L1_001
SYN_P005,0,SYN_L1_069
SYN_P006,0,SYN_L1_032
SYN_P006,0,SYN_L1_036
SYN_P006,0,SYN_L1_049
SYN_P006,0,SYN_L1_078
SYN_P006,0,SYN_L1_083
SYN_P006,0,SYN_L2_060
SYN_P006,0,SYN_L3_013
SYN_P006,0,SYN_L3_035
SYN_P006,0,SYN_L3_039
SYN_P007,0,SYN_L1_001
SYN_P007,0,SYN_L1_006
SYN_P007,0,SYN_L1_008
SYN_P007,0,SYN_L1_032
SYN_P007,0,SYN_L1_068
SYN_P007,0,SYN_L2_012
SYN_P007,0,SYN_L3_021
SYN_P007,0,SYN_L4_008
SYN_P008,0,SYN_L2_032
SYN_P008,0,SYN_L2_035
SYN_P008,0,SYN_L2_056
SYN_P008,0,SYN_L4_015
SYN_P009,0,SYN_L1_016
SYN_P009,0,SYN_L1_056
SYN_P009,0,SYN_L1_081
SYN_P009,0,SYN_L1_086
SYN_P009,0,SYN_L2_017
SYN_P009,0,SYN_L2_028
SYN_P009,0,SYN_L3_020
SYN_P010,0,SYN_L1_042
SYN_P010,0,SYN_L1_070
SYN_P010,0,SYN_L2_050
SYN_P010,0,SYN_L2_064
SYN_P010,0,SYN_L3_026
SYN_P011,0,SYN_L1_003
SYN_P011,0,SYN_L1_034
SYN_P011,0,SYN_L1_094
SYN_P011,0,SYN_L2_005
SYN_P011,0,SYN_L2_032
SYN_P012,0,SYN_L1_007
SYN_P012,0,SYN_L1_045
SYN_P012,0,SYN_L1_046
SYN_P012,0,SYN_L1_060
SYN_P012,0,SYN_L1_069
SYN_P012,0,SYN_L2_001
SYN_P012,0,SYN_L2_003
SYN_P012,0,SYN_L3_043
SYN_P012,0,SYN_L4_008
SYN_P013,0,SYN_L1_014
SYN_P013,0,SYN_L1_023
SYN_P013,0,SYN_L1_045
SYN_P013,0,SYN_L1_051
SYN_P013,0,SYN_L1_053
SYN_P013,0,SYN_L1_071
SYN_P014,0,SYN_L1_071
SYN_P014,0,SYN_L1_094
SYN_P014,0,SYN_L2_045
SYN_P014,0,SYN_L3_034
SYN_P014,0,SYN_L4_005
SYN_P015,0,SYN_L1_010
SYN_P015,0,SYN_L1_011
SYN_P015,0,SYN_L1_077
SYN_P015,0,SYN_L1_096
SYN_P016,0,SYN_L1_002
SYN_P016,0,SYN_L1_011
SYN_P016,0,SYN_L1_057
SYN_P016,0,SYN_L2_021
SYN_P016,0,SYN_L2_037
SYN_P016,0,SYN_L2_059
SYN_P016,0,SYN_L2_067
SYN_P016,0,SYN_L2_072
SYN_P017,0,SYN_L1_018
SYN_P017,0,SYN_L1_044
SYN_P017,0,SYN_L2_043
SYN_P017,0,SYN_L3_030
SYN_P017,0,SYN_L4_005
SYN_P017,0,SYN_L4_014
SYN_P017,0,SYN_L4_015
SYN_P018,0,SYN_L1_010
SYN_P018,0,SYN_L1_015
SYN_P018,0,SYN_L1_039
SYN_P018,0,SYN_L2_066
SYN_P018,0,SYN_L3_049
SYN_P019,0,SYN_L1_085
SYN_P019,0,SYN_L2_073
SYN_P020,0,SYN_L1_021
SYN_P020,0,SYN_L1_022
SYN_P020,0,SYN_L1_032
SYN_P020,0,SYN_L1_055
SYN_P020,0,SYN_L1_088
SYN_P020,0,SYN_L2_021
SYN_P020,0,SYN_L3_051
SYN_P020,0,SYN_L3_056
SYN_P020,0,SYN_L4_003
SYN_P020,0,SYN_L4_014
SYN_P021,0,SYN_L1_002
SYN_P021,0,SYN_L2_009
SYN_P021,0,SYN_L4_007
SYN_P022,0,SYN_L1_042
SYN_P022,0,SYN_L2_058
SYN_P022,0,SYN_L3_005
SYN_P022,0,SYN_L3_009
SYN_P023,0,SYN_L1_003
SYN_P023,0,SYN_L1_007
SYN_P023,0,SYN_L1_038
SYN_P023,0,SYN_L1_058
SYN_P023,0,SYN_L3_030
SYN_P024,0,SYN_L1_005
SYN_P024,0,SYN_L1_084
SYN_P024,0,SYN_L2_061
SYN_P024,0,SYN_L4_005
SYN_P025,0,SYN_L1_004
SYN_P025,0,SYN_L1_035
SYN_P025,0,SYN_L1_059
SYN_P025,0,SYN_L2_005
SYN_P025,0,SYN_L2_023
SYN_P025,0,SYN_L3_047
SYN_P026,0,SYN_L1_013
SYN_P026,0,SYN_L1_019
SYN_P026,0,SYN_L1_022
SYN_P026,0,SYN_L1_027
SYN_P026,0,SYN_L2_031
SYN_P026,0,SYN_L2_062
SYN_P027,0,SYN_L1_015
SYN_P027,0,SYN_L1_043
SYN_P027,0,SYN_L1_058
SYN_P027,0,SYN_L1_079
SYN_P027,0,SYN_L1_089
SYN_P027,0,SYN_L2_016
SYN_P027,0,SYN_L3_005
SYN_P027,0,SYN_L3_008
SYN_P027,0,SYN_L3_039
SYN_P028,0,SYN_L1_045
SYN_P028,0,SYN_L1_062
SYN_P028,0,SYN_L1_070
SYN_P028,0,SYN_L2_071
SYN_P028,0,SYN_L3_055
SYN_P029,0,SYN_L1_020
SYN_P029,0,SYN_L1_048
SYN_P029,0,SYN_L1_052
SYN_P029,0,SYN_L1_084
SYN_P029,0,SYN_L1_086
SYN_P029,0,SYN_L1_097
SYN_P029,0,SYN_L1_098
SYN_P030,0,SYN_L1_005
SYN_P030,0,SYN_L1_044
SYN_P030,0,SYN_L1_045
SYN_P030,0,SYN_L2_008
SYN_P031,0,SYN_L2_048
SYN_P032,0,SYN_L1_006
SYN_P032,0,SYN_L1_053
SYN_P032,0,SYN_L1_088
SYN_P032,0,SYN_L2_029
SYN_P032,0,SYN_L2_053
SYN_P033,0,SYN_L1_092
SYN_P034,0,SYN_L1_041
SYN_P034,0,SYN_L1_051
SYN_P034,0,SYN_L1_055
SYN_P034,0,SYN_L1_078
SYN_P034,0,SYN_L1_086
SYN_P034,0,SYN_L1_092
SYN_P034,0,SYN_L1_093
SYN_P034,0,SYN_L1_096
SYN_P034,0,SYN_L2_075
SYN_P034,0,SYN_L3_033
SYN_P034,0,SYN_L4_010
SYN_P035,0,SYN_L1_036
SYN_P035,0,SYN_L1_056
SYN_P035,0,SYN_L1_062
SYN_P035,0,SYN_L1_079
SYN_P035,0,SYN_L1_085
SYN_P035,0,SYN_L1_087
SYN_P035,0,SYN_L1_096
SYN_P036,0,SYN_L1_012
SYN_P036,0,SYN_L1_014
SYN_P036,0,SYN_L1_040
SYN_P036,0,SYN_L1_054
SYN_P036,0,SYN_L1_080
SYN_P036,0,SYN_L1_087
SYN_P036,0,SYN_L2_025
SYN_P036,0,SYN_L2_055
SYN_P036,0,SYN_L3_007
SYN_P036,0,SYN_L4_016
SYN_P037,0,SYN_L2_007
SYN_P037,0,SYN_L2_023
SYN_P037,0,SYN_L4_011
SYN_P038,0,SYN_L1_036
SYN_P038,0,SYN_L1_038
SYN_P038,0,SYN_L1_042
SYN_P038,0,SYN_L1_049
SYN_P038,0,SYN_L1_059
SYN_P038,0,SYN_L1_060
SYN_P038,0,SYN_L1_061
SYN_P038,0,SYN_L1_091
SYN_P038,0,SYN_L1_098
SYN_P038,0,SYN_L4_012
SYN_P039,0,SYN_L1_007
SYN_P039,0,SYN_L1_058
SYN_P039,0,SYN_L1_089
SYN_P039,0,SYN_L1_097
SYN_P039,0,SYN_L2_042
SYN_P039,0,SYN_L3_038
SYN_P039,0,SYN_L3_050
SYN_P039,0,SYN_L4_009
SYN_P040,0,SYN_L1_018
SYN_P040,0,SYN_L1_034
SYN_P040,0,SYN_L1_037
SYN_P040,0,SYN_L1_050
SYN_P040,0,SYN_L1_061
SYN_P040,0,SYN_L1_068
SYN_P040,0,SYN_L2_018
SYN_P040,0,SYN_L2_058
SYN_P040,0,SYN_L3_052
SYN_P040,0,SYN_L4_006
SYN_P041,0,SYN_L1_040
SYN_P041,0,SYN_L1_051
SYN_P041,0,SYN_L1_071
SYN_P041,0,SYN_L2_002
SYN_P041,0,SYN_L3_018
SYN_P042,0,SYN_L1_002
SYN_P042,0,SYN_L2_068
SYN_P042,0,SYN_L3_035
SYN_P042,0,SYN_L4_013
SYN_P043,0,SYN_L1_012
SYN_P043,0,SYN_L1_041
SYN_P043,0,SYN_L1_074
SYN_P043,0,SYN_L2_005
SYN_P043,0,SYN_L2_054
SYN_P043,0,SYN_L3_004
SYN_P044,0,SYN_L1_017
SYN_P044,0,SYN_L1_059
SYN_P044,0,SYN_L1_063
SYN_P044,0,SYN_L2_005
SYN_P044,0,SYN_L3_001
SYN_P044,0,SYN_L3_017
SYN_P045,0,SYN_L1_041
SYN_P045,0,SYN_L1_079
SYN_P045,0,SYN_L1_096
SYN_P045,0,SYN_L4_004
SYN_P046,0,SYN_L1_016
SYN_P046,0,SYN_L1_066
SYN_P046,0,SYN_L1_067
SYN_P046,0,SYN_L1_081
SYN_P046,0,SYN_L1_089
SYN_P046,0,SYN_L1_090
SYN_P046,0,SYN_L2_012
SYN_P046,0,SYN_L3_054
SYN_P047,0,SYN_L1_017
SYN_P047,0,SYN_L1_029
SYN_P047,0,SYN_L1_035
SYN_P047,0,SYN_L1_083
SYN_P047,0,SYN_L2_002
SYN_P047,0,SYN_L2_011
SYN_P047,0,SYN_L2_055
SYN_P047,0,SYN_L3_018
SYN_P048,0,SYN_L2_032
SYN_P048,0,SYN_L3_042
SYN_P049,0,SYN_L1_024
SYN_P049,0,SYN_L1_054
SYN_P049,0,SYN_L1_069
SYN_P049,0,SYN_L3_045
SYN_P050,0,SYN_L1_010
SYN_P050,0,SYN_L1_039
SYN_P050,0,SYN_L1_054
SYN_P050,0,SYN_L1_087
SYN_P050,0,SYN_L2_006
SYN_P050,0,SYN_L2_074
SYN_P050,0,SYN_L3_011
SYN_P051,0,SYN_L1_008
SYN_P051,0,SYN_L1_009
SYN_P051,0,SYN_L1_010
SYN_P052,0,SYN_L1_026
SYN_P052,0,SYN_L1_041
SYN_P052,0,SYN_L1_064
SYN_P052,0,SYN_L1_069
SYN_P052,0,SYN_L1_077
SYN_P052,0,SYN_L2_042
SYN_P052,0,SYN_L2_064
SYN_P052,0,SYN_L3_023
SYN_P053,0,SYN_L1_021
SYN_P053,0,SYN_L1_031
SYN_P053,0,SYN_L1_066
SYN_P053,0,SYN_L2_004
SYN_P053,0,SYN_L2_023
SYN_P053,0,SYN_L2_044
SYN_P053,0,SYN_L4_006
SYN_P054,0,SYN_L1_005
SYN_P054,0,SYN_L1_038
SYN_P054,0,SYN_L1_043
SYN_P054,0,SYN_L1_057
SYN_P054,0,SYN_L1_060
SYN_P054,0,SYN_L1_086
SYN_P054,0,SYN_L1_088
SYN_P054,0,SYN_L2_021
SYN_P055,0,SYN_L1_029
SYN_P055,0,SYN_L1_033
SYN_P055,0,SYN_L1_044
SYN_P055,0,SYN_L1_091
SYN_P055,0,SYN_L2_011
SYN_P055,0,SYN_L2_052
SYN_P055,0,SYN_L2_054
SYN_P055,0,SYN_L4_009
SYN_P056,0,SYN_L1_060
SYN_P056,0,SYN_L3_047
SYN_P057,0,SYN_L1_023
SYN_P057,0,SYN_L1_025
SYN_P057,0,SYN_L1_034
SYN_P057,0,SYN_L1_052
SYN_P057,0,SYN_L1_082
SYN_P057,0,SYN_L2_036
SYN_P057,0,SYN_L2_049
SYN_P057,0,SYN_L2_053
SYN_P057,0,SYN_L2_069
SYN_P058,0,SYN_L1_025
SYN_P058,0,SYN_L1_031
SYN_P058,0,SYN_L1_065
SYN_P058,0,SYN_L1_073
SYN_P059,0,SYN_L1_011
SYN_P059,0,SYN_L1_047
SYN_P059,0,SYN_L1_063
SYN_P059,0,SYN_L2_008
SYN_P059,0,SYN_L2_064
SYN_P059,0,SYN_L2_074
SYN_P060,0,SYN_L1_002
SYN_P060,0,SYN_L1_028
SYN_P060,0,SYN_L2_033
SYN_P060,0,SYN_L3_032
SYN_P060,0,SYN_L3_041
SYN_P061,0,SYN_L1_025
SYN_P061,0,SYN_L1_078
SYN_P061,0,SYN_L2_068
SYN_P061,0,SYN_L3_007
SYN_P061,0,SYN_L3_027
SYN_P062,0,SYN_L1_062
SYN_P062,0,SYN_L1_092
SYN_P062,0,SYN_L2_057
SYN_P063,0,SYN_L1_029
SYN_P063,0,SYN_L1_048
SYN_P063,0,SYN_L1_075
SYN_P063,0,SYN_L1_080
SYN_P063,0,SYN_L2_022
SYN_P063,0,SYN_L2_039
SYN_P063,0,SYN_L3_037
SYN_P063,0,SYN_L3_047
SYN_P064,0,SYN_L1_020
SYN_P064,0,SYN_L1_038
SYN_P064,0,SYN_L1_046
SYN_P064,0,SYN_L1_074
SYN_P065,0,SYN_L1_013
SYN_P065,0,SYN_L1_020
SYN_P065,0,SYN_L1_047
SYN_P065,0,SYN_L2_047
SYN_P065,0,SYN_L3_046
SYN_P066,0,SYN_L1_028
SYN_P066,0,SYN_L1_057
SYN_P066,0,SYN_L1_066
SYN_P066,0,SYN_L1_074
SYN_P066,0,SYN_L1_095
SYN_P066,0,SYN_L1_097
SYN_P066,0,SYN_L2_033
SYN_P067,0,SYN_L1_001
SYN_P067,0,SYN_L1_023
SYN_P067,0,SYN_L1_050
SYN_P067,0,SYN_L1_052
SYN_P067,0,SYN_L2_078
SYN_P067,0,SYN_L4_014
SYN_P067,0,SYN_L4_016
SYN_P068,0,SYN_L1_037
SYN_P068,0,SYN_L1_039
SYN_P068,0,SYN_L1_067
SYN_P068,0,SYN_L1_097
SYN_P068,0,SYN_L2_062
SYN_P068,0,SYN_L3_048
SYN_P069,0,SYN_L1_003
SYN_P069,0,SYN_L1_018
SYN_P069,0,SYN_L1_037
SYN_P069,0,SYN_L1_067
SYN_P069,0,SYN_L1_077
SYN_P069,0,SYN_L3_043
SYN_P069,0,SYN_L3_045
SYN_P070,0,SYN_L1_081
SYN_P070,0,SYN_L2_007
SYN_P070,0,SYN_L2_027
SYN_P070,0,SYN_L2_070
SYN_P070,0,SYN_L4_010
SYN_P070,0,SYN_L4_017
SYN_P071,0,SYN_L1_046
SYN_P071,0,SYN_L1_080
SYN_P071,0,SYN_L3_028
SYN_P071,0,SYN_L3_050
SYN_P072,0,SYN_L1_017
SYN_P072,0,SYN_L1_043
SYN_P072,0,SYN_L1_065
SYN_P072,0,SYN_L1_083
SYN_P072,0,SYN_L1_093
SYN_P072,0,SYN_L1_095
SYN_P072,0,SYN_L2_008
SYN_P072,0,SYN_L3_015
SYN_P073,0,SYN_L1_093
SYN_P073,0,SYN_L2_065
SYN_P073,0,SYN_L3_021
SYN_P074,0,SYN_L1_021
SYN_P074,0,SYN_L1_091
SYN_P074,0,SYN_L2_045
SYN_P074,0,SYN_L3_013
SYN_P075,0,SYN_L1_068
SYN_P075,0,SYN_L1_085
SYN_P075,0,SYN_L2_014
SYN_P075,0,SYN_L3_034
SYN_P075,0,SYN_L4_009
SYN_P076,0,SYN_L1_013
SYN_P076,0,SYN_L1_014
SYN_P076,0,SYN_L1_079
SYN_P076,0,SYN_L1_084
SYN_P076,0,SYN_L1_089
SYN_P076,0,SYN_L2_002
SYN_P076,0,SYN_L2_004
SYN_P076,0,SYN_L2_019
SYN_P076,0,SYN_L2_057
SYN_P076,0,SYN_L3_006
SYN_P077,0,SYN_L1_001
SYN_P077,0,SYN_L1_011
SYN_P077,0,SYN_L3_022
SYN_P078,0,SYN_L1_048
SYN_P078,0,SYN_L1_064
SYN_P078,0,SYN_L1_065
SYN_P078,0,SYN_L3_010
SYN_P079,0,SYN_L1_027
SYN_P079,0,SYN_L1_034
SYN_P079,0,SYN_L1_064
SYN_P079,0,SYN_L2_020
SYN_P079,0,SYN_L2_025
SYN_P079,0,SYN_L2_031
SYN_P079,0,SYN_L2_040
SYN_P079,0,SYN_L2_071
SYN_P080,0,SYN_L1_030
SYN_P081,0,SYN_L1_004
SYN_P081,0,SYN_L1_047
SYN_P081,0,SYN_L1_071
SYN_P081,0,SYN_L1_076
SYN_P082,0,SYN_L1_033
SYN_P082,0,SYN_L1_035
SYN_P082,0,SYN_L1_094
SYN_P082,0,SYN_L1_098
SYN_P082,0,SYN_L2_041
SYN_P082,0,SYN_L3_016
SYN_P082,0,SYN_L3_024
SYN_P082,0,SYN_L3_039
SYN_P082,0,SYN_L4_011
SYN_P083,0,SYN_L1_023
SYN_P083,0,SYN_L1_055
SYN_P083,0,SYN_L1_090
SYN_P083,0,SYN_L2_041
SYN_P083,0,SYN_L2_072
SYN_P084,0,SYN_L1_029
SYN_P084,0,SYN_L1_030
SYN_P084,0,SYN_L1_037
SYN_P084,0,SYN_L1_053
SYN_P084,0,SYN_L1_070
SYN_P084,0,SYN_L1_072
SYN_P084,0,SYN_L2_009
SYN_P084,0,SYN_L3_003
SYN_P084,0,SYN_L3_004
SYN_P084,0,SYN_L3_044
SYN_P084,0,SYN_L4_001
SYN_P085,0,SYN_L1_004
SYN_P085,0,SYN_L1_033
SYN_P085,0,SYN_L1_066
SYN_P085,0,SYN_L1_075
SYN_P085,0,SYN_L2_054
SYN_P085,0,SYN_L4_010
SYN_P086,0,SYN_L1_008
SYN_P086,0,SYN_L1_009
SYN_P086,0,SYN_L1_018
SYN_P086,0,SYN_L1_028
SYN_P086,0,SYN_L1_049
SYN_P086,0,SYN_L1_056
SYN_P086,0,SYN_L1_057
SYN_P086,0,SYN_L1_075
SYN_P086,0,SYN_L1_082
SYN_P086,0,SYN_L3_003
SYN_P086,0,SYN_L3_014
SYN_P086,0,SYN_L3_025
SYN_P086,0,SYN_L3_053
SYN_P086,0,SYN_L4_008
SYN_P087,0,SYN_L1_061
SYN_P087,0,SYN_L2_006
SYN_P087,0,SYN_L2_052
SYN_P088,0,SYN_L1_030
SYN_P088,0,SYN_L1_047
SYN_P088,0,SYN_L1_073
SYN_P088,0,SYN_L2_073
SYN_P088,0,SYN_L3_011
SYN_P088,0,SYN_L3_024
SYN_P089,0,SYN_L1_014
SYN_P089,0,SYN_L1_043
SYN_P089,0,SYN_L1_081
SYN_P089,0,SYN_L4_001
SYN_P090,0,SYN_L1_050
SYN_P090,0,SYN_L1_076
SYN_P091,0,SYN_L1_016
SYN_P091,0,SYN_L1_024
SYN_P091,0,SYN_L1_046
SYN_P091,0,SYN_L1_056
SYN_P091,0,SYN_L2_015
SYN_P091,0,SYN_L2_027
SYN_P092,0,SYN_L1_017
SYN_P092,0,SYN_L1_019
SYN_P092,0,SYN_L1_035
SYN_P092,0,SYN_L1_058
SYN_P092,0,SYN_L2_001
SYN_P092,0,SYN_L3_005
SYN_P092,0,SYN_L4_017
SYN_P093,0,SYN_L1_024
SYN_P093,0,SYN_L1_076
SYN_P093,0,SYN_L2_026
SYN_P093,0,SYN_L4_016
SYN_P094,0,SYN_L1_063
SYN_P094,0,SYN_L1_065
SYN_P094,0,SYN_L1_068
SYN_P094,0,SYN_L1_083
SYN_P094,0,SYN_L1_098
SYN_P094,0,SYN_L2_018
SYN_P094,0,SYN_L2_030
SYN_P094,0,SYN_L2_065
SYN_P094,0,SYN_L3_019
SYN_P094,0,SYN_L3_025
SYN_P095,0,SYN_L1_006
SYN_P095,0,SYN_L1_013
SYN_P095,0,SYN_L1_052
SYN_P095,0,SYN_L1_077
SYN_P095,0,SYN_L1_087
SYN_P095,0,SYN_L2_010
SYN_P095,0,SYN_L2_012
SYN_P095,0,SYN_L2_015
SYN_P095,0,SYN_L2_065
SYN_P095,0,SYN_L3_002
SYN_P095,0,SYN_L3_048
SYN_P095,0,SYN_L3_054
SYN_P096,0,SYN_L1_033
SYN_P096,0,SYN_L2_076
SYN_P096,0,SYN_L3_019
SYN_P097,0,SYN_L1_022
SYN_P097,0,SYN_L1_026
SYN_P097,0,SYN_L1_031
SYN_P097,0,SYN_L1_073
SYN_P097,0,SYN_L1_085
SYN_P098,0,SYN_L1_015
SYN_P098,0,SYN_L1_051
SYN_P098,0,SYN_L3_026
SYN_P099,0,SYN_L1_009
SYN_P099,0,SYN_L1_021
SYN_P099,0,SYN_L1_048
SYN_P099,0,SYN_L1_076
SYN_P099,0,SYN_L1_082
SYN_P099,0,SYN_L1_084
SYN_P099,0,SYN_L1_090
SYN_P099,0,SYN_L2_004
SYN_P099,0,SYN_L3_009
SYN_P100,0,SYN_L1_019
SYN_P100,0,SYN_L1_020
SYN_P100,0,SYN_L1_026
SYN_P100,0,SYN_L1_039
SYN_P101,0,SYN_L1_088
SYN_P101,0,SYN_L1_091
SYN_P101,0,SYN_L2_004
SYN_P101,0,SYN_L2_020
SYN_P101,0,SYN_L2_066
SYN_P102,0,SYN_L1_005
SYN_P102,0,SYN_L1_032
SYN_P102,0,SYN_L1_053
SYN_P102,0,SYN_L1_074
SYN_P102,0,SYN_L2_025
SYN_P103,0,SYN_L1_003
SYN_P103,0,SYN_L1_049
SYN_P103,0,SYN_L1_080
SYN_P103,0,SYN_L2_010
SYN_P103,0,SYN_L3_002
SYN_P103,0,SYN_L3_027
SYN_P104,0,SYN_L1_019
SYN_P104,0,SYN_L1_062
SYN_P104,0,SYN_L1_095
SYN_P104,0,SYN_L2_038
SYN_P104,0,SYN_L2_076
SYN_P104,0,SYN_L4_018
SYN_P105,0,SYN_L1_009
SYN_P105,0,SYN_L1_026
SYN_P105,0,SYN_L1_063
SYN_P105,0,SYN_L1_092
SYN_P105,0,SYN_L2_001
SYN_P105,0,SYN_L4_003
SYN_P106,0,SYN_L1_008
SYN_P106,0,SYN_L1_015
SYN_P106,0,SYN_L1_030
SYN_P106,0,SYN_L1_044
SYN_P106,0,SYN_L1_072
SYN_P106,0,SYN_L1_075
SYN_P106,0,SYN_L1_095
SYN_P106,0,SYN_L2_017
SYN_P106,0,SYN_L2_055
SYN_P106,0,SYN_L3_031
SYN_P106,0,SYN_L3_037
SYN_P107,0,SYN_L1_007
SYN_P107,0,SYN_L1_027
SYN_P107,0,SYN_L1_042
SYN_P107,0,SYN_L2_031
SYN_P107,0,SYN_L2_067
SYN_P107,0,SYN_L3_025
SYN_P107,0,SYN_L3_048
SYN_P108,0,SYN_L1_006
SYN_P108,0,SYN_L1_012
SYN_P108,0,SYN_L1_093
SYN_P108,0,SYN_L2_003
SYN_P108,0,SYN_L2_027
SYN_P108,0,SYN_L2_035
SYN_P108,0,SYN_L3_003
SYN_P108,0,SYN_L3_022
SYN_P108,0,SYN_L3_029
SYN_P109,0,SYN_L1_012
SYN_P109,0,SYN_L1_024
SYN_P109,0,SYN_L1_072
SYN_P109,0,SYN_L3_021
SYN_P109,0,SYN_L3_044
SYN_P110,0,SYN_L1_016
SYN_P110,0,SYN_L1_031
SYN_P110,0,SYN_L1_054
SYN_P110,0,SYN_L1_061
SYN_P110,0,SYN_L1_078
SYN_P110,0,SYN_L2_015
SYN_P110,0,SYN_L3_036
SYN_P111,0,SYN_L1_004
SYN_P111,0,SYN_L1_028
SYN_P111,0,SYN_L1_036
SYN_P111,0,SYN_L1_055
SYN_P111,0,SYN_L1_072
SYN_P111,0,SYN_L1_094
SYN_P111,0,SYN_L2_003
SYN_P111,0,SYN_L3_014
SYN_P111,0,SYN_L4_004
SYN_P112,0,SYN_L1_040
SYN_P112,0,SYN_L1_050
SYN_P112,0,SYN_L1_073
SYN_P112,0,SYN_L2_018
SYN_P112,0,SYN_L2_063
SYN_P112,0,SYN_L3_006
SYN_P113,0,SYN_L1_025
SYN_P113,0,SYN_L3_056
SYN_L1_001,1,
SYN_L1_002,1,SYN_L2_011
SYN_L1_002,1,SYN_L2_019
SYN_L1_003,1,
SYN_L1_004,1,SYN_L2_060
SYN_L1_005,1,SYN_L2_016
SYN_L1_006,1,SYN_L2_047
SYN_L1_007,1,SYN_L2_051
SYN_L1_008,1,
SYN_L1_009,1,SYN_L2_033
SYN_L1_009,1,SYN_L2_048
SYN_L1_010,1,SYN_L2_059
SYN_L1_011,1,SYN_L2_007
SYN_L1_011,1,SYN_L2_075
SYN_L1_012,1,SYN_L2_047
SYN_L1_013,1,
SYN_L1_014,1,SYN_L2_023
SYN_L1_015,1,SYN_L2_060
SYN_L1_015,1,SYN_L2_075
SYN_L1_016,1,SYN_L2_019
SYN_L1_016,1,SYN_L2_028
SYN_L1_017,1,
SYN_L1_018,1,SYN_L2_071
SYN_L1_019,1,SYN_L2_002
SYN_L1_020,1,
SYN_L1_021,1,SYN_L2_056
SYN_L1_022,1,SYN_L2_029
SYN_L1_023,1,SYN_L2_026
SYN_L1_023,1,SYN_L2_078
SYN_L1_024,1,SYN_L2_049
SYN_L1_025,1,
SYN_L1_026,1,SYN_L2_045
SYN_L1_027,1,SYN_L2_026
SYN_L1_027,1,SYN_L2_050
SYN_L1_028,1,SYN_L2_014
SYN_L1_028,1,SYN_L2_052
SYN_L1_028,1,SYN_L2_057
SYN_L1_029,1,SYN_L2_014
SYN_L1_029,1,SYN_L2_049
SYN_L1_029,1,SYN_L2_063
SYN_L1_029,1,SYN_L2_068
SYN_L1_030,1,
SYN_L1_031,1,SYN_L2_056
SYN_L1_032,1,SYN_L2_010
SYN_L1_032,1,SYN_L2_043
SYN_L1_032,1,SYN_L2_046
SYN_L1_033,1,SYN_L2_048
SYN_L1_033,1,SYN_L2_070
SYN_L1_034,1,
SYN_L1_035,1,
SYN_L1_036,1,SYN_L2_053
SYN_L1_037,1,SYN_L2_036
SYN_L1_038,1,SYN_L2_022
SYN_L1_039,1,SYN_L2_020
SYN_L1_039,1,SYN_L2_046
SYN_L1_039,1,SYN_L2_077
SYN_L1_040,1,SYN_L2_066
SYN_L1_041,1,SYN_L2_040
SYN_L1_041,1,SYN_L2_050
SYN_L1_042,1,
SYN_L1_043,1,SYN_L2_013
SYN_L1_043,1,SYN_L2_024
SYN_L1_044,1,
SYN_L1_045,1,
SYN_L1_046,1,
SYN_L1_047,1,
SYN_L1_048,1,
SYN_L1_049,1,
SYN_L1_050,1,SYN_L2_061
SYN_L1_051,1,SYN_L2_017
SYN_L1_051,1,SYN_L2_073
SYN_L1_052,1,SYN_L2_063
SYN_L1_053,1,SYN_L2_041
SYN_L1_054,1,SYN_L2_008
SYN_L1_055,1,
SYN_L1_056,1,SYN_L2_058
SYN_L1_057,1,SYN_L2_036
SYN_L1_057,1,SYN_L2_070
SYN_L1_058,1,SYN_L2_021
SYN_L1_058,1,SYN_L2_072
SYN_L1_059,1,SYN_L2_015
SYN_L1_059,1,SYN_L2_017
SYN_L1_059,1,SYN_L2_020
SYN_L1_059,1,SYN_L2_034
SYN_L1_059,1,SYN_L2_038
SYN_L1_060,1,SYN_L2_019
SYN_L1_060,1,SYN_L2_044
SYN_L1_061,1,SYN_L2_051
SYN_L1_062,1,SYN_L2_034
SYN_L1_063,1,
SYN_L1_064,1,SYN_L2_030
SYN_L1_064,1,SYN_L2_037
SYN_L1_065,1,SYN_L2_037
SYN_L1_066,1,SYN_L2_016
SYN_L1_066,1,SYN_L2_069
SYN_L1_067,1,SYN_L2_014
SYN_L1_068,1,
SYN_L1_069,1,SYN_L2_001
SYN_L1_069,1,SYN_L2_039
SYN_L1_069,1,SYN_L2_074
SYN_L1_069,1,SYN_L2_078
SYN_L1_070,1,
SYN_L1_071,1,SYN_L2_013
SYN_L1_071,1,SYN_L2_069
SYN_L1_072,1,
SYN_L1_073,1,
SYN_L1_074,1,
SYN_L1_075,1,
SYN_L1_076,1,SYN_L2_006
SYN_L1_077,1,
SYN_L1_078,1,
SYN_L1_079,1,SYN_L2_009
SYN_L1_079,1,SYN_L2_028
SYN_L1_079,1,SYN_L2_044
SYN_L1_079,1,SYN_L2_059
SYN_L1_080,1,
SYN_L1_081,1,SYN_L2_012
SYN_L1_082,1,SYN_L2_013
SYN_L1_082,1,SYN_L2_016
SYN_L1_083,1,
SYN_L1_084,1,SYN_L2_035
SYN_L1_084,1,SYN_L2_040
SYN_L1_085,1,SYN_L2_010
SYN_L1_086,1,SYN_L2_067
SYN_L1_086,1,SYN_L2_077
SYN_L1_087,1,SYN_L2_013
SYN_L1_087,1,SYN_L2_038
SYN_L1_088,1,SYN_L2_051
SYN_L1_089,1,SYN_L2_042
SYN_L1_090,1,
SYN_L1_091,1,SYN_L2_024
SYN_L1_091,1,SYN_L2_062
SYN_L1_092,1,SYN_L2_039
SYN_L1_092,1,SYN_L2_043
SYN_L1_093,1,SYN_L2_011
SYN_L1_093,1,SYN_L2_024
SYN_L1_094,1,
SYN_L1_095,1,SYN_L2_061
SYN_L1_096,1,SYN_L2_006
SYN_L1_096,1,SYN_L2_009
SYN_L1_096,1,SYN_L2_076
SYN_L1_097,1,SYN_L2_030
SYN_L1_097,1,SYN_L2_077
SYN_L1_098,1,SYN_L2_022
SYN_L1_098,1,SYN_L2_029
SYN_L2_001,2,
SYN_L2_002,2,SYN_L3_044
SYN_L2_002,2,SYN_L3_054
SYN_L2_003,2,SYN_L3_015
SYN_L2_003,2,SYN_L3_016
SYN_L2_003,2,SYN_L3_041
SYN_L2_004,2,SYN_L3_016
SYN_L2_004,2,SYN_L3_042
SYN_L2_005,2,SYN_L3_045
SYN_L2_006,2,
SYN_L2_007,2,
SYN_L2_008,2,SYN_L3_011
SYN_L2_009,2,
SYN_L2_010,2,SYN_L3_014
SYN_L2_010,2,SYN_L3_028
SYN_L2_011,2,SYN_L3_017
SYN_L2_011,2,SYN_L3_029
SYN_L2_011,2,SYN_L3_040
SYN_L2_012,2,
SYN_L2_013,2,
SYN_L2_014,2,SYN_L3_017
SYN_L2_015,2,
SYN_L2_016,2,SYN_L3_022
SYN_L2_017,2,SYN_L3_015
SYN_L2_018,2,SYN_L3_001
SYN_L2_019,2,
SYN_L2_020,2,SYN_L3_050
SYN_L2_021,2,
SYN_L2_022,2,
SYN_L2_023,2,
SYN_L2_024,2,SYN_L3_023
SYN_L2_025,2,SYN_L3_028
SYN_L2_025,2,SYN_L3_032
SYN_L2_025,2,SYN_L3_051
SYN_L2_026,2,SYN_L3_006
SYN_L2_027,2,
SYN_L2_028,2,
SYN_L2_029,2,
SYN_L2_030,2,SYN_L3_031
SYN_L2_031,2,
SYN_L2_032,2,
SYN_L2_033,2,SYN_L3_007
SYN_L2_034,2,SYN_L3_037
SYN_L2_035,2,SYN_L3_008
SYN_L2_036,2,SYN_L3_051
SYN_L2_037,2,
SYN_L2_038,2,
SYN_L2_039,2,
SYN_L2_040,2,
SYN_L2_041,2,SYN_L3_018
SYN_L2_042,2,SYN_L3_020
SYN_L2_043,2,
SYN_L2_044,2,SYN_L3_038
SYN_L2_045,2,SYN_L3_033
SYN_L2_046,2,SYN_L3_049
SYN_L2_046,2,SYN_L3_052
SYN_L2_047,2,
SYN_L2_048,2,SYN_L3_012
SYN_L2_048,2,SYN_L3_055
SYN_L2_048,2,SYN_L3_057
SYN_L2_049,2,SYN_L3_033
SYN_L2_050,2,
SYN_L2_051,2,
SYN_L2_052,2,SYN_L3_030
SYN_L2_053,2,SYN_L3_009
SYN_L2_054,2,SYN_L3_032
SYN_L2_055,2,SYN_L3_012
SYN_L2_056,2,SYN_L3_035
SYN_L2_056,2,SYN_L3_041
SYN_L2_057,2,SYN_L3_012
SYN_L2_057,2,SYN_L3_013
SYN_L2_057,2,SYN_L3_034
SYN_L2_058,2,SYN_L3_036
SYN_L2_059,2,SYN_L3_008
SYN_L2_059,2,SYN_L3_046
SYN_L2_059,2,SYN_L3_053
SYN_L2_060,2,
SYN_L2_061,2,SYN_L3_004
SYN_L2_062,2,
SYN_L2_063,2,SYN_L3_038
SYN_L2_064,2,
SYN_L2_065,2,SYN_L3_010
SYN_L2_066,2,SYN_L3_029
SYN_L2_066,2,SYN_L3_040
SYN_L2_066,2,SYN_L3_056
SYN_L2_067,2,SYN_L3_042
SYN_L2_067,2,SYN_L3_049
SYN_L2_068,2,
SYN_L2_069,2,SYN_L3_020
SYN_L2_069,2,SYN_L3_040
SYN_L2_070,2,SYN_L3_052
SYN_L2_071,2,
SYN_L2_072,2,
SYN_L2_073,2,SYN_L3_002
SYN_L2_073,2,SYN_L3_043
SYN_L2_074,2,SYN_L3_001
SYN_L2_074,2,SYN_L3_036
SYN_L2_074,2,SYN_L3_055
SYN_L2_075,2,SYN_L3_010
SYN_L2_076,2,SYN_L3_019
SYN_L2_076,2,SYN_L3_046
SYN_L2_076,2,SYN_L3_057
SYN_L2_077,2,SYN_L3_027
SYN_L2_077,2,SYN_L3_031
SYN_L2_078,2,
SYN_L3_001,3,
SYN_L3_002,3,
SYN_L3_003,3,
SYN_L3_004,3,SYN_L4_007
SYN_L3_004,3,SYN_L4_013
SYN_L3_005,3,
SYN_L3_006,3,SYN_L4_001
SYN_L3_007,3,SYN_L4_004
SYN_L3_008,3,
SYN_L3_009,3,
SYN_L3_010,3,
SYN_L3_011,3,
SYN_L3_012,3,SYN_L4_002
SYN_L3_013,3,SYN_L4_012
SYN_L3_014,3,SYN_L4_011
SYN_L3_015,3,
SYN_L3_016,3,
SYN_L3_017,3,
SYN_L3_018,3,SYN_L4_017
SYN_L3_019,3,
SYN_L3_020,3,
SYN_L3_021,3,
SYN_L3_022,3,
SYN_L3_023,3,SYN_L4_018
SYN_L3_024,3,
SYN_L3_025,3,
SYN_L3_026,3,SYN_L4_013
SYN_L3_027,3,
SYN_L3_028,3,
SYN_L3_029,3,
SYN_L3_030,3,
SYN_L3_031,3,
SYN_L3_032,3,SYN_L4_007
SYN_L3_033,3,
SYN_L3_034,3,
SYN_L3_035,3,
SYN_L3_036,3,
SYN_L3_037,3,
SYN_L3_038,3,
SYN_L3_039,3,
SYN_L3_040,3,
SYN_L3_041,3,SYN_L4_012
SYN_L3_042,3,
SYN_L3_043,3,
SYN_L3_044,3,
SYN_L3_045,3,SYN_L4_006
SYN_L3_046,3,SYN_L4_003
SYN_L3_046,3,SYN_L4_015
SYN_L3_047,3,SYN_L4_002
SYN_L3_048,3,
SYN_L3_049,3,SYN_L4_018
SYN_L3_050,3,
SYN_L3_051,3,
SYN_L3_052,3,
SYN_L3_053,3,
SYN_L3_054,3,SYN_L4_002
SYN_L3_055,3,
SYN_L3_056,3,
SYN_L3_057,3,
SYN_L4_001,4,
SYN_L4_002,4,
SYN_L4_003,4,
SYN_L4_004,4,
SYN_L4_005,4,
SYN_L4_006,4,
SYN_L4_007,4,
SYN_L4_008,4,
SYN_L4_009,4,
SYN_L4_010,4,
SYN_L4_011,4,
SYN_L4_012,4,
SYN_L4_013,4,
SYN_L4_014,4,
SYN_L4_015,4,
SYN_L4_016,4,
SYN_L4_017,4,
SYN_L4_018,4,
